{"cameraMode":{"drawMode":0,"name":"Shaded","section":"Shading Mode"},"sceneLighting":false,"audioPlay":false,"sceneViewState":{"showFog":true,"showMaterialUpdate":false,"showSkybox":true,"showFlares":true,"showImageEffects":true,"showParticleSystems":true},"in2DMode":false,"pivot":{"x":0.20403817296028138,"y":0.3544488549232483,"z":-0.32787734270095827},"rotation":{"x":-0.09663157165050507,"y":0.86403888463974,"z":-0.18173465132713319,"w":-0.4594253897666931},"size":5.0340895652771,"orthographic":false}