{"cameraMode":{"drawMode":0,"name":"Shaded","section":"Shading Mode"},"sceneLighting":false,"audioPlay":false,"sceneViewState":{"showFog":true,"showMaterialUpdate":false,"showSkybox":true,"showFlares":true,"showImageEffects":true,"showParticleSystems":true},"in2DMode":false,"pivot":{"x":-1.0988030433654786,"y":0.05922988802194595,"z":0.7678024768829346},"rotation":{"x":0.027266155928373338,"y":-0.4165908098220825,"z":0.012501474469900132,"w":0.9085991978645325},"size":5.2604546546936039,"orthographic":false}